iteration,forward_time,build_reps_time,post_processing_time,write_csv_time
0,1.4943411350250244,0.2868168354034424,136.36845183372498,3.1193602085113525
