iteration,forward_time,build_reps_time,post_processing_time,write_csv_time
0,1.5002567768096924,0.28283095359802246,129.40552949905396,3.7501957416534424
